Workbook

Sheet Product Master 
A2: Inventory Management System
A4: Product ID | B4: Product Name | C4: Category | D4: Unit Price
A5: P001 | B5: Shade Net | C5: Net | D5: 250
A6: P002 | B6: Bird Net | C6: Net | D6: 180
A7: P003 | B7: Mulch Film | C7: Film | D7: 350
A8: P004 | B8: Greenhouse Film | C8: Film | D8: 450
A9: P005 | B9: Insect Net | C9: Net | D9: 275
A10: P006 | B10: HDPE Rope | C10: Accessories | D10: 90
A11: P007 | B11: Shade Cloth | C11: Net | D11: 320
A12: P008 | B12: Plastic Clips | C12: Accessories | D12: 25
A13: P009 | B13: Green Net | C13: Net | D13: 300
A14: P010 | B14: Nylon Rope | C14: Accessories | D14: 110
A21: 🏢 Story (Think Like a Company)
A23: Imagine you get a job as an Inventory Executive.
A25: Your manager says:
A27: "Yuvraj, every day products come into the warehouse and products go out. I don't want to calculate stock manually. Build an Excel file that automatically tells me:
A29: Product Name
A30: Price
A31: Current Stock
A32: Total Stock Value
A33: Whether we need to order more stock."
A35: This is your task.

Sheet Inventory
A18: Product ID | B18: Product Name | C18: Category | D18: Unit Price | E18: Opening Stock | F18: Received | G18: Sold | H18: Closing Stock | I18: Stock Value | J18: Status | K18: Total Product | L18: Total Closing Stock | M18: Total Inventory Value
A19: P001 | B19: =INDEX('Product Master '!$B$5:$B$14,MATCH('Product Master '!A5,'Product Master '!$A$5:$A$14,0)) -> Shade Net | C19: =INDEX('Product Master '!$C$5:$C$14,MATCH('Product Master '!A5,'Product Master '!$A$5:$A$14,0)) -> Net | D19: =INDEX('Product Master '!$D$5:$D$14,MATCH(Inventory!A19,Inventory!$A$19:$A$23,0)) -> 250 | E19: 100 | F19: 50 | G19: 80 | H19: =E19+F19-G19 -> 70 | I19: =D19*H19 -> 17500 | J19: {=_xlfn.IFS(H19>=100,"Good Stock",H19>=50,"Normal Stock",H19>=1,"Low Stock",H19=0,"Out of Stock")} -> Normal Stock | K19: =COUNTA(A19:A23) -> 5 | L19: =SUM(H19:H23) -> 320 | M19: =SUM(I19:I23) -> 90400
A20: P002 | B20: =INDEX('Product Master '!$B$5:$B$14,MATCH('Product Master '!A6,'Product Master '!$A$5:$A$14,0)) -> Bird Net | C20: =INDEX('Product Master '!$C$5:$C$14,MATCH('Product Master '!A6,'Product Master '!$A$5:$A$14,0)) -> Net | D20: =INDEX('Product Master '!$D$5:$D$14,MATCH(Inventory!A20,Inventory!$A$19:$A$23,0)) -> 180 | E20: 120 | F20: 30 | G20: 70 | H20: =E20+F20-G20 -> 80 | I20: =D20*H20 -> 14400 | J20: {=_xlfn.IFS(H20>=100,"Good Stock",H20>=50,"Normal Stock",H20>=1,"Low Stock",H20=0,"Out of Stock")} -> Normal Stock | K20: =COUNTA(A56:A60) -> 4 | L20: =SUM(H20:H24) -> 250 | M20: =SUM(I20:I24) -> 72900
A21: P003 | B21: =INDEX('Product Master '!$B$5:$B$14,MATCH('Product Master '!A7,'Product Master '!$A$5:$A$14,0)) -> Mulch Film | C21: =INDEX('Product Master '!$C$5:$C$14,MATCH('Product Master '!A7,'Product Master '!$A$5:$A$14,0)) -> Film | D21: =INDEX('Product Master '!$D$5:$D$14,MATCH(Inventory!A21,Inventory!$A$19:$A$23,0)) -> 350 | E21: 80 | F21: 20 | G21: 60 | H21: =E21+F21-G21 -> 40 | I21: =D21*H21 -> 14000 | J21: {=_xlfn.IFS(H21>=100,"Good Stock",H21>=50,"Normal Stock",H21>=1,"Low Stock",H21=0,"Out of Stock")} -> Low Stock | K21: =COUNTA(A57:A61) -> 3 | L21: =SUM(H21:H25) -> 170 | M21: =SUM(I21:I25) -> 58500
A22: P004 | B22: =INDEX('Product Master '!$B$5:$B$14,MATCH('Product Master '!A8,'Product Master '!$A$5:$A$14,0)) -> Greenhouse Film | C22: =INDEX('Product Master '!$C$5:$C$14,MATCH('Product Master '!A8,'Product Master '!$A$5:$A$14,0)) -> Film | D22: =INDEX('Product Master '!$D$5:$D$14,MATCH(Inventory!A22,Inventory!$A$19:$A$23,0)) -> 450 | E22: 60 | F22: 40 | G22: 50 | H22: =E22+F22-G22 -> 50 | I22: =D22*H22 -> 22500 | J22: {=_xlfn.IFS(H22>=100,"Good Stock",H22>=50,"Normal Stock",H22>=1,"Low Stock",H22=0,"Out of Stock")} -> Normal Stock | K22: =COUNTA(A58:A62) -> 2 | L22: =SUM(H22:H26) -> 130 | M22: =SUM(I22:I26) -> 44500
A23: P005 | B23: =INDEX('Product Master '!$B$5:$B$14,MATCH('Product Master '!A9,'Product Master '!$A$5:$A$14,0)) -> Insect Net | C23: =INDEX('Product Master '!$C$5:$C$14,MATCH('Product Master '!A9,'Product Master '!$A$5:$A$14,0)) -> Net | D23: =INDEX('Product Master '!$D$5:$D$14,MATCH(Inventory!A23,Inventory!$A$19:$A$23,0)) -> 275 | E23: 150 | F23: 50 | G23: 120 | H23: =E23+F23-G23 -> 80 | I23: =D23*H23 -> 22000 | J23: {=_xlfn.IFS(H23>=100,"Good Stock",H23>=50,"Normal Stock",H23>=1,"Low Stock",H23=0,"Out of Stock")} -> Normal Stock | K23: =COUNTA(A59:A63) -> 1 | L23: =SUM(H23:H27) -> 80 | M23: =SUM(I23:I27) -> 22000
G28: ing Stock | H28: Status
G29: ≥100 | H29: Good Stock
G30: 50–99 | H30: Normal Stock
G31: 1–49 | H31: Low Stock
G32: 0 | H32: Out of Stock
A37: 🏢 Company Story
A39: Imagine you work at B.M. International.
A41: Your warehouse has 10 products.
A43: Your manager asks:
A45: "Yuvraj, I don't want to check every product every day. Tell me automatically:
A47: Which product is running out?
A48: How many pieces should we order?
A49: Which products are safe?"
A54: Product ID | B54: Product Name | C54: Closing Stock | D54: Status | E54: Reorder Level | F54: Reorder Required | G54: Reorder Quantity
A55: P001 | B55: Shade Net | C55: 70 | D55: {=_xlfn.IFS(C55>=100,"Good Stock",C55>=50,"Normal Stock",C55>=1,"Low Stock",C55=0,"Out of Stock")} -> Normal Stock | E55: 50 | F55: =IF(C55<=E55,"Order Now","Stock Ok") -> Stock Ok | G55: =IF(C55<100,100-C55,"0") -> 30
A56: P002 | B56: Bird Net | C56: 80 | D56: {=_xlfn.IFS(C56>=100,"Good Stock",C56>=50,"Normal Stock",C56>=1,"Low Stock",C56=0,"Out of Stock")} -> Normal Stock | E56: 50 | F56: =IF(C56<=E56,"Order Now","Stock Ok") -> Stock Ok | G56: =IF(C56<100,100-C56,"0") -> 20
A57: P003 | B57: Mulch Film | C57: 40 | D57: {=_xlfn.IFS(C57>=100,"Good Stock",C57>=50,"Normal Stock",C57>=1,"Low Stock",C57=0,"Out of Stock")} -> Low Stock | E57: 50 | F57: =IF(C57<=E57,"Order Now","Stock Ok") -> Order Now | G57: =IF(C57<100,100-C57,"0") -> 60
A58: P004 | B58: Greenhouse Film | C58: 50 | D58: {=_xlfn.IFS(C58>=100,"Good Stock",C58>=50,"Normal Stock",C58>=1,"Low Stock",C58=0,"Out of Stock")} -> Normal Stock | E58: 50 | F58: =IF(C58<=E58,"Order Now","Stock Ok") -> Order Now | G58: =IF(C58<100,100-C58,"0") -> 50
A59: P005 | B59: Insect Net | C59: 80 | D59: {=_xlfn.IFS(C59>=100,"Good Stock",C59>=50,"Normal Stock",C59>=1,"Low Stock",C59=0,"Out of Stock")} -> Normal Stock | E59: 50 | F59: =IF(C59<=E59,"Order Now","Stock Ok") -> Stock Ok | G59: =IF(C59<100,100-C59,"0") -> 20

Sheet Conditional Formatting 
A5: Conditional Formatting
A10: Product ID | B10: Product Name | C10: Category | D10: Unit Price | E10: Opening Stock | F10: Received | G10: Sold | H10: Closing Stock | I10: Stock Value | J10: Reorder Level | K10: Status
A11: P001 | B11: Shade Net | C11: Net | D11: 250 | E11: 100 | F11: 50 | G11: 80 | H11: 70 | I11: 17500 | J11: 50 | K11: Stock OK
A12: P002 | B12: Bird Net | C12: Net | D12: 180 | E12: 120 | F12: 30 | G12: 130 | H12: 20 | I12: 3600 | J12: 50 | K12: Order Now
A13: P003 | B13: Mulch Film | C13: Film | D13: 350 | E13: 80 | F13: 20 | G13: 40 | H13: 60 | I13: 21000 | J13: 50 | K13: Stock OK
A14: P004 | B14: Greenhouse Film | C14: Film | D14: 450 | E14: 60 | F14: 40 | G14: 100 | H14: 0 | I14: 0 | J14: 50 | K14: Order Now
A15: P005 | B15: Insect Net | C15: Net | D15: 275 | E15: 150 | F15: 50 | G15: 120 | H15: 80 | I15: 22000 | J15: 50 | K15: Stock OK
A16: P006 | B16: HDPE Rope | C16: Accessories | D16: 90 | E16: 300 | F16: 100 | G16: 350 | H16: 50 | I16: 4500 | J16: 50 | K16: Order Now
A17: P007 | B17: Shade Cloth | C17: Net | D17: 320 | E17: 70 | F17: 30 | G17: 20 | H17: 80 | I17: 25600 | J17: 50 | K17: Stock OK
A18: P008 | B18: Plastic Clips | C18: Accessories | D18: 25 | E18: 500 | F18: 200 | G18: 650 | H18: 50 | I18: 1250 | J18: 50 | K18: Order Now
